<wpml-config>
    <custom-types>
        <custom-type translate="1">cron-service</custom-type>
        <custom-type translate="1">cron-project</custom-type>
    </custom-types>
    <taxonomies>
        <taxonomy translate="1">service_category</taxonomy>
        <taxonomy translate="1">project_category</taxonomy>
    </taxonomies>
    <admin-texts>
		<key name="redux_demo">
			<key name="blog_single_title"/>
			<key name="helpful_address_list_title"/>
			<key name="helpful_address_list_content"/>
			<key name="helpful_contact_title"/>
			<key name="helpful_contact_content"/>
			<key name="helpful_contact_name_placeholder"/>
			<key name="helpful_contact_receiver_email"/>
			<key name="helpful_contact_email_placeholder"/>
			<key name="helpful_contact_subject_placeholder"/>
			<key name="helpful_contact_message_placeholder"/>
			<key name="helpful_contact_sending_button_value"/>
			<key name="helpful_tollfree_title"/>
			<key name="helpful_tollfree_subtitle"/>
			<key name="helpful_working_hours_title"/>
			<key name="helpful_working_hours_subtitle"/>
			<key name="project_archive_title"/>
			<key name="project_video_text"/>
			<key name="service_archive_title"/>
			<key name="footer_subscribe_text"/>
			<key name="footer_copyright"/>
			<key name="totop_text"/>
			<key name="cron_project_name"/>
			<key name="cron_service_name"/>
		</key>
	</admin-texts>
    <language-switcher-settings>
        <key name="icl_lang_sel_config">
            <key name="font-current-normal">#444444</key>
            <key name="font-current-hover">#000000</key>
            <key name="background-current-normal">#ffffff</key>
            <key name="background-current-hover">#eeeeee</key>
            <key name="font-other-normal">#444444</key>
            <key name="font-other-hover">#000000</key>
            <key name="background-other-normal">#ffffff</key>
            <key name="background-other-hover">#eeeeee</key>
            <key name="border">#EEEEEE</key>
        </key>
        <key name="icl_lang_sel_footer_config">
            <key name="font-current-normal">#393939</key>
            <key name="font-current-hover">#000000</key>
            <key name="background-current-normal">#F5F5F5</key>
            <key name="background-current-hover">#FFFFFF</key>
            <key name="font-other-normal">#393939</key>
            <key name="font-other-hover">#000000</key>
            <key name="background-other-normal">#F5F5F5</key>
            <key name="background-other-hover">#FFFFFF</key>
            <key name="border">transparent</key>
            <key name="background">transparent</key>
        </key>    
        <key name="icl_language_switcher_sidebar">1</key>
        <key name="icl_widget_title_show">0</key>
        <key name="icl_lang_sel_type">dropdown</key>
        <key name="icl_lso_link_empty">0</key>
        <key name="icl_lso_flags">1</key>
        <key name="icl_lso_native_lang">1</key>
        <key name="icl_lso_display_lang">0</key>
        <key name="icl_lang_sel_footer">0</key>
        <key name="icl_post_availability">1</key>
        <key name="icl_post_availability_position">below</key>
        <key name="icl_post_availability_text">This post is also available in: %s</key>
    </language-switcher-settings>
</wpml-config>